id,symbol,created_at,exchanges,category,logoUrl,volatility_index,hurst_4h,hurst_8h,hurst_12h,hurst_1d,efficiency_index,trend_harmony_index,btc_correlation,returns_skewness,avg_wick_ratio,relative_strength_vs_btc,max_drawdown_percent,entropy,kurtosis,autocorrelation,entropy_4h,entropy_8h,entropy_12h,entropy_1d
1,TWT/USDT:USDT,2025-10-09 21:15:16.550171+00:00,"['binance', 'bybit']",5,twt.png,9.144,0.6233,0.6502,0.5926,0.7111,0.2702,0.0667,0.055,1.9856,5.5731,1.4054,-18.6,,8.5668,0.251,1.1990477,1.7494831,2.0908,1.9769495
2,WAL/USDT:USDT,2025-10-09 21:15:16.550171+00:00,"['binance', 'bybit']",2,wal.png,5.7857,0.5534,0.5693,0.5554,0.5528,0.02,0.0,0.0602,0.2937,6.0991,0.6488,-24.24,,-0.0039,-0.072,2.430757,2.6018703,2.5904927,2.9980268
3,COTI/USDT:USDT,2025-10-09 21:15:16.550171+00:00,"['binance', 'bybit']",4,coti.png,7.0292,0.587,0.6154,0.6109,0.5991,0.0245,0.0444,0.0076,0.1541,2.8786,0.6392,-35.96,,0.0445,-0.1742,2.269024,2.3272543,2.5210745,2.9153433
4,HBAR/USDT:USDT,2025-10-09 21:15:16.550171+00:00,"['binance', 'bybit']",6,hbar.png,5.5351,0.6246,0.6634,0.6459,0.648,0.0188,0.0,0.0042,1.4761,3.5065,0.7397,-28.9,,5.3696,-0.0974,2.006995,2.157822,2.3540297,2.356383
5,GPS/USDT:USDT,2025-10-09 21:15:16.550171+00:00,"['binance', 'bybit']",5,gps.png,12.35,0.6306,0.6352,0.6825,0.6827,0.1804,0.1111,0.0609,2.2392,8.5175,0.3784,-61.85,,11.9301,0.0738,1.1683332,1.3862247,1.4671426,2.0800068
6,KMNO/USDT:USDT,2025-10-09 21:15:16.550171+00:00,['binance'],3,kmno.png,10.6364,0.478,0.4699,0.4542,0.4465,0.0498,0.1333,0.1673,1.5178,3.3404,0.8401,-33.08,,7.5998,-0.0696,1.7248508,1.9996387,2.1722667,2.2192395
7,1000SATS/USDT:USDT,2025-10-09 21:15:16.550171+00:00,['binance'],4,1000sats.png,13.0645,0.4979,0.5108,0.4714,0.3662,0.0444,0.0222,0.0193,0.4548,inf,0.5738,-34.87,,2.5303,0.0053,0.59105563,1.1178157,2.056923,2.4686832
8,ICP/USDT:USDT,2025-10-09 21:15:16.550171+00:00,"['binance', 'bybit']",4,icp.png,5.1779,0.4415,0.4351,0.4097,0.4002,0.0832,0.0667,0.0036,-0.2998,3.8815,0.5572,-33.57,,0.1704,-0.1097,2.4264207,2.676941,2.3903232,2.826545
9,HYPE/USDT:USDT,2025-10-09 21:15:16.550171+00:00,"['binance', 'bybit']",6,hype.png,7.8671,0.7354,,0.8481,0.9385,0.0212,0.0667,-0.0654,0.4668,2.366,0.645,-31.08,,0.4068,-0.1477,2.4357135,,2.8840528,2.818901
10,EPIC/USDT:USDT,2025-10-09 21:15:16.550171+00:00,"['binance', 'bybit']",3,epic.png,12.6718,0.698,0.7137,0.7201,0.6746,0.0499,0.0444,-0.0884,4.9012,6.7911,1.0882,-50.05,,35.0936,-0.1328,1.089838,1.3537434,1.2902004,1.5777624
11,KAITO/USDT:USDT,2025-10-09 21:15:16.550171+00:00,"['binance', 'bybit']",5,kaito.png,10.3959,0.67,0.7169,0.6889,0.6943,0.0517,0.1111,0.0432,0.7393,5.8451,0.579,-44.95,,1.3485,0.1332,1.3430603,1.7028326,2.084595,2.7313654
12,PORTAL/USDT:USDT,2025-10-09 21:15:16.550171+00:00,['binance'],1,portal.png,9.0547,0.6721,0.6967,0.7058,0.7155,0.1051,0.0,0.0513,-0.0406,11.3213,0.4622,-40.66,,0.7602,-0.1209,2.3005152,2.2198346,2.4821944,2.8204343
13,UXLINK/USDT:USDT,2025-10-09 21:15:16.550171+00:00,['binance'],6,uxlink.png,18.5421,0.7993,0.8441,0.7998,1.0293,0.3205,0.0111,-0.0337,-5.1745,3.8085,0.1396,-84.72,,35.6752,0.3136,0.51131105,0.7650682,1.2481809,1.1762649
14,1INCH/USDT:USDT,2025-10-09 21:15:16.550171+00:00,"['binance', 'bybit']",3,1inch.png,5.7644,0.625,0.6465,0.5908,0.6343,0.0974,0.0889,0.0496,0.0938,5.2294,0.5339,-36.29,,0.2752,-0.1484,1.972096,2.0798516,2.3042119,2.9354932
15,AUCTION/USDT:USDT,2025-10-09 21:15:16.550171+00:00,['binance'],2,auction.png,5.2184,0.5437,0.5435,0.5561,0.5873,0.0742,0.0889,0.0751,0.4096,5.3621,0.5645,-30.73,,3.8658,-0.1465,1.1049976,1.3772458,1.5484742,2.318055
16,FLOW/USDT:USDT,2025-10-09 21:15:16.550171+00:00,['binance'],4,flow.png,5.5873,0.5027,0.5066,0.4719,0.4191,0.0233,0.0889,0.0433,0.1828,inf,0.6477,-24.5,,0.855,-0.1819,2.2012236,2.5639174,2.2477746,2.7580948
17,CRV/USDT:USDT,2025-10-09 21:15:16.550171+00:00,"['binance', 'bybit']",6,crv.png,6.9117,0.5687,0.6217,0.603,0.6242,0.038,0.0,0.0212,0.3449,3.5724,0.8206,-42.17,,2.2581,0.1044,2.1305175,2.2969208,2.3412814,2.5007725
18,T/USDT:USDT,2025-10-09 21:15:16.550171+00:00,['binance'],1,t.png,4.4613,0.444,0.392,0.3855,0.3454,0.053,0.0333,0.0444,-0.3408,inf,0.6135,-27.41,,0.7616,-0.1299,1.8022339,2.0064845,2.4182332,2.8508084
19,UMA/USDT:USDT,2025-10-09 21:15:16.550171+00:00,['binance'],2,uma.png,5.9127,0.4871,0.4687,0.4606,0.3932,0.0139,0.0333,0.081,2.6282,inf,0.7259,-35.28,,16.8756,-0.0194,1.251287,1.7503421,1.6751297,1.9227525
20,GAS/USDT:USDT,2025-10-09 21:15:16.550171+00:00,['binance'],1,gas.png,4.4878,0.5124,0.5098,0.4529,0.3978,0.036,0.0889,-0.0953,0.1868,inf,0.6416,-21.44,,0.9983,-0.0469,1.4435395,2.2066436,1.9278556,2.7482457
21,DOGS/USDT:USDT,2025-10-09 21:15:16.550171+00:00,"['binance', 'bybit']",4,dogs.png,7.222,0.5751,0.5956,0.5922,0.58,0.0549,0.0222,-0.0076,-0.1853,3.0078,0.5679,-30.41,,0.7229,-0.1498,2.1924398,2.450541,2.3191867,2.7508
22,ENJ/USDT:USDT,2025-10-09 21:15:16.550171+00:00,['binance'],1,enj.png,5.7366,0.5149,0.5073,0.4888,0.4058,0.0751,0.0222,0.0741,-0.2898,8.2675,0.5545,-36.25,,0.3099,-0.0569,2.4479508,2.7521598,2.4369776,2.8829577
23,BB/USDT:USDT,2025-10-09 21:15:16.550171+00:00,['binance'],4,bb.png,11.2131,0.6247,0.6397,0.6214,0.6456,0.1014,0.0222,0.0018,1.9064,4.0196,1.2008,-26.65,,7.1374,-0.1892,1.8161615,1.7436997,2.0159907,2.353574
24,GRASS/USDT:USDT,2025-10-09 21:15:16.550171+00:00,"['binance', 'bybit']",3,grass.png,11.7877,0.7274,0.7424,0.7708,0.8342,0.0908,0.0222,-0.0791,-0.0493,3.4483,0.4831,-44.13,,0.8681,-0.148,2.0309117,2.118321,2.350513,2.7580457
25,ALPACA/USDT:USDT,2025-10-09 21:15:16.550171+00:00,['binance'],6,alpaca.png,0.0001,0.9726,0.9073,0.7928,0.7379,0.0,0.0,,,0.0,0.6916,0.0,,0.0,,0.0,0.0,0.0,0.0
26,LISTA/USDT:USDT,2025-10-09 21:15:16.550171+00:00,"['binance', 'bybit']",6,lista.png,12.1612,0.5573,0.5682,0.5661,0.6269,0.1472,0.1111,0.0439,2.6754,8.3588,1.2546,-32.02,,14.7151,-0.1486,1.2637705,1.597951,1.8442243,1.950265
27,BROCCOLIF3B/USDT:USDT,2025-10-09 21:15:16.550171+00:00,['binance'],4,broccolif3b.png,14.8836,0.8849,0.8879,0.9377,1.0081,0.06,0.0222,-0.1082,1.6115,8.1926,0.9166,-35.04,,7.0799,-0.0682,1.2026135,1.5087157,1.817262,2.1386507
28,FARTCOIN/USDT:USDT,2025-10-09 21:15:16.550171+00:00,"['binance', 'bybit']",6,fartcoin.png,12.301,0.5797,0.5679,0.5893,0.5972,0.1248,0.0444,0.0576,-0.021,9.4421,0.3537,-66.9,,0.2726,-0.1224,2.503384,2.4366038,2.4030619,2.90397
29,SUN/USDT:USDT,2025-10-09 21:15:16.550171+00:00,"['binance', 'bybit']",4,sun.png,8.4066,0.5926,0.5589,0.5939,0.584,0.1035,0.0,0.0451,2.8408,18.531,0.9513,-24.71,,16.7805,-0.301,0.8542174,0.8804,0.8988089,1.7621154
30,AIXBT/USDT:USDT,2025-10-09 21:15:16.550171+00:00,"['binance', 'bybit']",4,aixbt.png,9.4098,0.6387,0.6469,0.6805,0.6552,0.1142,0.0222,0.0194,-0.2491,4.7741,0.4272,-50.37,,-0.3443,-0.126,2.0703392,2.5372498,2.4641404,2.9001997
31,OP/USDT:USDT,2025-10-09 21:15:16.550171+00:00,"['binance', 'bybit']",5,op.png,6.5739,0.5077,0.5015,0.4615,0.4446,0.019,0.1111,-0.0141,-0.5096,3.8456,0.743,-26.55,,0.5998,-0.0107,2.2866318,2.4737194,2.6599023,2.7725766
32,UNI/USDT:USDT,2025-10-09 21:15:16.550171+00:00,"['binance', 'bybit']",6,uni.png,6.0954,0.6131,0.6634,0.6411,0.6619,0.0222,0.0222,-0.0858,0.189,5.7995,0.6405,-38.58,,1.0955,0.0132,1.9312633,1.849441,1.9924115,2.7862065
33,JELLYJELLY/USDT:USDT,2025-10-09 21:15:16.550171+00:00,"['binance', 'bybit']",3,jellyjelly.png,15.091,0.8285,0.9038,0.8458,0.853,0.2473,0.0222,0.0691,4.3562,10.7047,2.2237,-36.37,,28.162,0.0575,1.1422032,1.7638959,1.6164078,1.4553504
34,HIPPO/USDT:USDT,2025-10-09 21:15:16.550171+00:00,['binance'],2,hippo.png,9.5084,0.6576,0.6545,0.6888,0.5816,0.1338,0.0444,0.0665,0.9362,3.5735,1.23,-42.13,,3.0141,-0.1135,1.7456316,2.0300918,2.2535155,2.49966
35,CYBER/USDT:USDT,2025-10-09 21:15:16.550171+00:00,['binance'],3,cyber.png,8.3919,0.5642,0.5825,0.6185,0.6455,0.0049,0.0444,0.1324,4.2125,1.7332,0.7113,-50.13,,30.5294,-0.1367,0.28335884,0.35737517,1.0928026,1.7237052
36,ZETA/USDT:USDT,2025-10-09 21:15:16.550171+00:00,"['binance', 'bybit']",1,zeta.png,6.8384,0.5666,0.5726,0.5817,0.5723,0.0695,0.0667,0.1039,0.0049,4.3545,0.5604,-34.68,,0.3192,-0.1468,2.3998232,2.647353,2.4859664,2.9079168
37,ENS/USDT:USDT,2025-10-09 21:15:16.550171+00:00,"['binance', 'bybit']",4,ens.png,5.7799,0.6135,0.6735,0.6498,0.6818,0.0145,0.0444,-0.0231,0.1225,2.5628,0.6577,-36.73,,0.4722,0.0046,2.1140742,2.5276015,2.3266504,2.8045797
38,OM/USDT:USDT,2025-10-09 21:15:16.550171+00:00,"['binance', 'bybit']",4,om.png,7.924,1.1607,1.3172,1.3864,1.0282,0.0696,0.1111,0.0607,4.2302,14.3479,0.5108,-55.79,,31.7181,-0.0495,1.5685211,1.3730251,1.4554176,1.5289917
39,SKL/USDT:USDT,2025-10-09 21:15:16.550171+00:00,['binance'],2,skl.png,8.3188,0.5982,0.5725,0.5871,0.5763,0.0225,0.1333,0.121,3.8046,3.1278,0.7966,-54.68,,24.9383,0.037,1.4783567,1.6694896,1.5071716,1.570919
40,PENDLE/USDT:USDT,2025-10-09 21:15:16.550171+00:00,"['binance', 'bybit']",5,pendle.png,7.3717,0.5151,0.5306,0.5788,0.5674,0.0385,0.1333,-0.0904,1.2807,4.0956,0.8038,-27.35,,5.5003,0.05,2.4518394,2.4558601,2.361275,2.2918942
41,W/USDT:USDT,2025-10-09 21:15:16.550171+00:00,"['binance', 'bybit']",5,w.png,11.1317,0.5722,0.5933,0.5608,0.5835,0.09,0.0444,0.1883,0.4587,3.1527,1.0174,-27.09,,0.8656,-0.0031,1.915603,2.410621,2.7433476,2.7618818
42,ZRO/USDT:USDT,2025-10-09 21:15:16.550171+00:00,"['binance', 'bybit']",5,zro.png,8.201,0.5726,0.5885,0.5524,0.5618,0.0307,0.1333,-0.1787,-0.1808,12.313,0.7566,-28.64,,0.8687,-0.0317,1.93625,2.2643664,2.4817681,2.7524946
43,BAT/USDT:USDT,2025-10-09 21:15:16.550171+00:00,"['binance', 'bybit']",4,bat.png,5.3651,0.5063,0.4952,0.4656,0.3943,0.0612,0.1556,0.0923,0.57,3.7868,0.8145,-18.9,,1.9297,-0.0731,2.2001746,2.211269,2.472007,2.562812
44,BMT/USDT:USDT,2025-10-09 21:15:16.550171+00:00,['binance'],3,bmt.png,9.3506,0.5809,0.5981,0.5961,0.6183,0.1013,0.0,-0.0087,-0.0506,3.4885,0.5275,-38.49,,1.9998,-0.2368,1.4128522,1.5967381,2.2209182,2.5267417
45,SOLV/USDT:USDT,2025-10-09 21:15:16.550171+00:00,['binance'],1,solv.png,6.2632,0.5851,0.5961,0.6062,0.6961,0.0376,0.1556,-0.1633,0.5435,2.9041,0.6329,-19.17,,1.3424,-0.2294,1.4707497,1.8504952,2.3612792,2.6998544
46,MEME/USDT:USDT,2025-10-09 21:15:16.550171+00:00,"['binance', 'bybit']",4,meme.png,8.6877,0.5785,0.5803,0.591,0.5692,0.0539,0.1111,-0.0469,3.6289,3.6961,0.9236,-47.51,,21.9185,-0.2743,0.9134559,1.2297446,1.1148864,1.737146
47,WLD/USDT:USDT,2025-10-09 21:15:16.550171+00:00,"['binance', 'bybit']",6,wld.png,9.8412,0.6219,0.6234,0.6488,0.5663,0.0326,0.0222,-0.0631,3.2374,13.7864,0.8033,-38.7,,20.2604,0.1968,1.5213388,2.030556,2.0173347,1.8879232
48,CETUS/USDT:USDT,2025-10-09 21:15:16.550171+00:00,['binance'],1,cetus.png,8.2259,0.6711,0.6962,0.6825,0.7175,0.0913,0.0222,0.0869,0.3604,3.0739,0.4705,-48.61,,1.6592,-0.1001,2.282632,2.2168314,2.4783306,2.6276639
49,SFP/USDT:USDT,2025-10-09 21:15:16.550171+00:00,['binance'],2,sfp.png,7.2114,0.4597,0.4659,0.4194,0.4206,0.001,0.1111,0.1582,0.281,5.0817,0.69,-19.46,,1.5593,-0.2691,0.88956773,1.7489209,1.5583096,2.616578
50,IMX/USDT:USDT,2025-10-09 21:15:16.550171+00:00,"['binance', 'bybit']",4,imx.png,9.2206,0.6078,0.5985,0.5619,0.5509,0.0738,0.1333,0.0341,0.0769,11.3899,0.9351,-25.54,,0.0442,0.0522,2.6173964,2.4966025,2.5685947,2.9987514
51,TRB/USDT:USDT,2025-10-09 21:15:16.550171+00:00,"['binance', 'bybit']",4,trb.png,6.2436,0.6436,0.6567,0.665,0.6259,0.0705,0.0444,0.0447,-0.451,12.2368,0.5631,-36.14,,-0.0657,-0.1383,2.4558575,2.4660704,2.4895043,2.9906933
52,LTC/USDT:USDT,2025-10-09 21:15:16.550171+00:00,"['binance', 'bybit']",6,ltc.png,4.1319,0.5742,0.6167,0.6104,0.6217,0.1121,0.0889,0.0046,0.4685,6.3757,0.8882,-21.9,,1.9183,-0.0485,1.7652493,1.9677476,2.346321,2.6419938
53,NMR/USDT:USDT,2025-10-09 21:15:16.550171+00:00,"['binance', 'bybit']",4,nmr.png,9.3656,0.5876,0.5367,0.596,0.5788,0.1185,0.0444,-0.0447,5.248,10.4437,1.3892,-39.67,,37.7465,0.123,1.1748856,0.6570668,0.71758807,1.1572999
54,POL/USDT:USDT,2025-10-09 21:15:16.550171+00:00,"['binance', 'bybit']",5,pol.png,5.0383,0.5232,0.5245,0.4983,0.4307,0.0124,0.0222,0.0203,-0.2753,4.3119,0.716,-25.25,,0.1163,-0.0753,2.4129703,2.5576365,2.5559404,2.9866402
55,TIA/USDT:USDT,2025-10-09 21:15:16.550171+00:00,"['binance', 'bybit']",6,tia.png,6.9256,0.6221,0.6384,0.6513,0.6523,0.0697,0.0667,-0.0048,-0.2432,2.2584,0.5341,-39.06,,0.2381,-0.091,2.4337866,2.401631,2.4330587,2.8412833
56,BEAMX/USDT:USDT,2025-10-09 21:15:16.550171+00:00,['binance'],3,beamx.png,7.7914,0.5912,0.6067,0.5854,0.556,0.0729,0.1111,0.0573,-0.2186,3.4281,0.8892,-28.29,,0.1356,-0.0483,2.3272128,2.6586435,2.8219163,2.838872
57,NEO/USDT:USDT,2025-10-09 21:15:16.550171+00:00,"['binance', 'bybit']",4,neo.png,5.5602,0.4931,0.5094,0.4641,0.3905,0.0057,0.1333,0.0386,-0.3379,9.2676,0.681,-28.25,,-0.0265,0.0325,2.2379062,2.5959234,2.6227572,2.9643483
58,CAKE/USDT:USDT,2025-10-09 21:15:16.550171+00:00,"['binance', 'bybit']",6,cake.png,9.781,0.5786,0.6237,0.6025,0.6094,0.1471,0.0444,0.0346,1.3537,2.4783,1.108,-24.15,,2.9281,0.1019,2.0098093,2.0998173,2.3625038,2.5816982
59,USUAL/USDT:USDT,2025-10-09 21:15:16.550171+00:00,"['binance', 'bybit']",4,usual.png,9.7642,0.6803,0.6798,0.7048,0.7479,0.0959,0.0444,0.0868,1.3787,3.8381,0.4129,-55.75,,6.5786,-0.1881,1.981709,1.8535668,1.9600732,2.3256233
60,SOL/USDT:USDT,2025-10-09 21:15:16.550171+00:00,"['binance', 'bybit']",6,sol.png,5.5583,0.585,0.596,0.6133,0.6067,0.1029,0.1333,0.0929,0.0566,2.4856,0.9423,-23.02,,0.0554,-0.0445,2.2574487,2.8614972,2.503982,2.9486492
61,ANIME/USDT:USDT,2025-10-09 21:15:16.550171+00:00,['binance'],1,anime.png,6.6217,0.6516,0.6811,0.7006,0.7667,0.0847,0.0222,-0.0074,-0.0305,2.598,0.5269,-37.34,,-0.196,-0.1333,1.4194643,2.3459961,1.7049301,2.9953072
62,DRIFT/USDT:USDT,2025-10-09 21:15:16.550171+00:00,"['binance', 'bybit']",3,drift.png,11.8759,0.5973,0.6008,0.5772,0.6167,0.1164,0.0444,0.2857,1.6043,5.6761,1.2048,-29.15,,6.5655,0.0058,1.850852,2.0830615,1.997746,2.3455236
63,LINK/USDT:USDT,2025-10-09 21:15:16.550171+00:00,"['binance', 'bybit']",6,link.png,5.9908,0.6238,0.6306,0.6621,0.6546,0.095,0.0444,0.0459,0.3966,5.1677,0.9959,-24.85,,0.2442,-0.0982,1.9539056,2.395069,2.7750735,2.9861457
64,MELANIA/USDT:USDT,2025-10-09 21:15:16.550171+00:00,['binance'],2,melania.png,6.8822,0.6902,0.7045,0.7347,0.8568,0.0367,0.0111,-0.041,0.2337,inf,0.6066,-37.96,,1.1406,-0.1413,1.3922651,1.8327199,1.8801045,2.7561028
65,COOKIE/USDT:USDT,2025-10-09 21:15:16.550171+00:00,['binance'],2,cookie.png,9.7008,0.7196,0.746,0.7244,0.7234,0.1109,0.0222,-0.0212,-0.0673,3.0108,0.4357,-55.01,,0.5459,-0.1501,2.2801197,2.419795,2.541281,2.7567098
66,AI16Z/USDT:USDT,2025-10-09 21:15:16.550171+00:00,"['binance', 'bybit']",4,ai16z.png,11.8873,0.6965,0.7042,0.7701,0.7829,0.1455,0.0444,0.0103,0.0985,4.2416,0.3359,-58.97,,0.7178,-0.117,2.4075134,2.417432,2.471102,2.7261336
67,PROMPT/USDT:USDT,2025-10-09 21:15:16.550171+00:00,['binance'],1,prompt.png,12.4242,0.7023,0.7132,0.6939,0.6721,0.0133,0.1778,-0.1658,3.3344,3.7024,0.6281,-62.52,,17.8418,0.2857,1.5229698,1.6650648,1.9404922,1.8132627
68,PEOPLE/USDT:USDT,2025-10-09 21:15:16.550171+00:00,['binance'],4,people.png,7.7713,0.6945,0.7131,0.721,0.7006,0.0587,0.0444,0.0538,-0.3719,3.4352,0.5446,-36.55,,0.1648,-0.1156,2.5243268,2.5760417,2.4204938,2.9440951
69,HMSTR/USDT:USDT,2025-10-09 21:15:16.550171+00:00,['binance'],1,hmstr.png,6.1561,0.8643,0.9076,0.9392,1.0416,0.051,0.0889,-0.0136,-0.3894,inf,0.5769,-36.95,,0.0839,-0.1294,1.2862854,2.1681201,1.9275932,2.9010284
70,GOAT/USDT:USDT,2025-10-09 21:15:16.550171+00:00,"['binance', 'bybit']",3,goat.png,8.989,0.7593,0.7597,0.7777,0.7322,0.1054,0.0889,0.0128,0.0239,5.4472,0.4496,-51.21,,1.3316,-0.081,1.8763286,2.486741,2.5397804,2.6214747
71,FIL/USDT:USDT,2025-10-09 21:15:16.550171+00:00,"['binance', 'bybit']",6,fil.png,5.62,0.4916,0.4928,0.4879,0.4257,0.0419,0.0889,-0.0566,-0.482,3.1772,0.6201,-27.78,,0.1859,-0.0934,2.5057545,2.9032142,2.7101007,2.845445
72,NIL/USDT:USDT,2025-10-09 21:15:16.550171+00:00,['binance'],2,nil.png,6.409,0.5783,0.5626,0.5792,0.5884,0.0484,0.0889,0.2047,-0.0789,4.8214,0.7825,-29.08,,0.649,-0.0194,2.4214,2.512281,2.6200645,2.8219342
73,CTSI/USDT:USDT,2025-10-09 21:15:16.550171+00:00,['binance'],1,ctsi.png,7.6689,0.5379,0.51,0.4746,0.4054,0.0091,0.0556,0.0642,3.6317,inf,0.7178,-30.19,,23.5972,-0.0729,0.9700902,0.90843445,1.4409275,1.7083241
74,VOXEL/USDT:USDT,2025-10-09 21:15:16.550171+00:00,['binance'],2,voxel.png,9.2441,0.7493,0.7522,0.7542,0.7865,0.0252,0.0778,0.0229,1.4407,inf,0.6311,-42.48,,7.8424,-0.0345,0.93214047,1.2238253,1.832799,2.0377336
75,FXS/USDT:USDT,2025-10-09 21:15:16.550171+00:00,['binance'],2,fxs.png,8.5184,0.6103,0.6429,0.6119,0.5576,0.009,0.0889,-0.0487,0.1983,9.3033,0.6622,-44.88,,1.6413,0.1272,1.599916,2.3495634,2.4375677,2.5672164
76,KAVA/USDT:USDT,2025-10-09 21:15:16.550171+00:00,['binance'],3,kava.png,3.8763,0.5351,0.5319,0.5834,0.6198,0.1942,0.1111,-0.0239,-0.3995,6.3621,0.5333,-27.64,,2.8484,-0.2455,1.8550972,2.0808067,2.5800672,2.4576168
77,S/USDT:USDT,2025-10-09 21:15:16.550171+00:00,"['binance', 'bybit']",5,s.png,7.807,0.6551,0.6988,0.7039,0.7802,0.0832,0.0222,-0.0073,-0.1279,9.8959,0.5387,-41.86,,0.6447,-0.0957,2.2625859,2.3775802,2.5253253,2.7592096
78,ACE/USDT:USDT,2025-10-09 21:15:16.550171+00:00,"['binance', 'bybit']",4,ace.png,9.3931,0.4792,0.488,0.472,0.3985,0.04,0.0222,-0.0267,0.0532,3.752,0.5972,-41.08,,0.4548,0.0026,1.071709,1.1405587,2.3602324,2.91158
79,ALCH/USDT:USDT,2025-10-09 21:15:16.550171+00:00,"['binance', 'bybit']",4,alch.png,15.0466,0.7102,0.6986,0.7535,0.8366,0.2314,0.2222,0.0595,0.3514,8.7125,0.3405,-68.15,,2.0373,-0.0439,1.4572557,1.3195434,1.9299895,2.5405083
80,NOT/USDT:USDT,2025-10-09 21:15:16.550171+00:00,"['binance', 'bybit']",4,not.png,6.6402,0.585,0.617,0.5746,0.5707,0.0969,0.0889,-0.0412,-0.3734,4.3235,0.5107,-37.07,,0.4859,-0.0861,2.56432,2.6632102,2.5876393,2.8594525
81,STO/USDT:USDT,2025-10-09 21:15:16.550171+00:00,"['binance', 'bybit']",6,sto.png,11.1623,0.621,0.6455,0.6569,0.6624,0.2606,0.1333,-0.0275,1.3287,7.812,1.6246,-33.08,,5.4758,0.0699,1.6425252,1.970323,2.0581405,2.4065263
82,1000FLOKI/USDT:USDT,2025-10-09 21:15:16.550171+00:00,"['binance', 'bybit']",5,1000floki.png,8.4236,0.6339,0.6836,0.6612,0.6662,0.0112,0.0,-0.0673,1.4718,3.3943,0.661,-47.28,,8.0013,0.022,2.2802057,2.0590985,2.1362066,2.2085063
83,OMNI/USDT:USDT,2025-10-09 21:15:16.550171+00:00,['binance'],5,omni.png,2.328,0.5879,0.5764,0.5353,0.5514,0.0944,0.0111,0.1548,6.995,3.7115,0.9711,-39.98,,60.1066,-0.125,0.9409632,0.7276292,0.61758107,1.088868
84,WOO/USDT:USDT,2025-10-09 21:15:16.550171+00:00,['binance'],2,woo.png,9.5493,0.5043,0.5083,0.4861,0.4224,0.0447,0.0222,0.0651,-0.2581,6.6229,0.584,-36.3,,0.0979,-0.1621,1.6376019,1.8569198,2.2606869,2.9465735
85,ALT/USDT:USDT,2025-10-09 21:15:16.550171+00:00,['binance'],3,alt.png,8.1801,0.3823,0.4089,0.3226,0.326,0.0656,0.0444,0.0777,0.3729,4.8002,0.5331,-35.32,,1.7374,-0.2123,2.5148127,2.5147865,2.373549,2.5879993
86,SUPER/USDT:USDT,2025-10-09 21:15:16.550171+00:00,"['binance', 'bybit']",3,super.png,9.5533,0.4916,0.4793,0.4321,0.4342,0.0916,0.0778,0.0414,1.5914,inf,0.518,-43.79,,9.5334,-0.1613,0.24158536,1.1415404,0.7704723,2.0371523
87,VVV/USDT:USDT,2025-10-09 21:15:16.550171+00:00,"['binance', 'bybit']",3,vvv.png,9.5014,0.6042,0.6322,0.6188,0.5702,0.0562,0.0333,0.1438,0.641,inf,0.552,-52.84,,1.9643,0.098,1.9070386,2.2653437,2.6500065,2.5773277
88,MOODENG/USDT:USDT,2025-10-09 21:15:16.550171+00:00,"['binance', 'bybit']",5,moodeng.png,9.5914,0.9787,1.0152,1.0366,1.0543,0.046,0.0444,0.0372,1.1415,8.6272,0.5691,-46.82,,3.7639,0.02,1.6568415,1.9558378,2.0796824,2.4870296
89,CATI/USDT:USDT,2025-10-09 21:15:16.550171+00:00,['binance'],1,cati.png,7.0257,0.517,0.4898,0.472,0.4314,0.0107,0.0222,0.0854,1.4295,5.9096,0.6657,-27.16,,6.862,-0.036,2.0419269,1.8579984,2.0827422,2.2950478
90,ARC/USDT:USDT,2025-10-09 21:15:16.550171+00:00,['binance'],2,arc.png,10.647,0.7498,0.7677,0.8203,0.8724,0.0911,0.0667,0.0079,0.4716,3.2025,0.4681,-50.15,,1.2742,-0.122,1.8565763,2.0027266,2.2685397,2.6582596
91,XAI/USDT:USDT,2025-10-09 21:15:16.550171+00:00,"['binance', 'bybit']",3,xai.png,8.0874,0.5955,0.6224,0.5925,0.5747,0.1024,0.0889,-0.0816,0.1112,2.7496,0.4784,-40.79,,0.9627,-0.1008,2.5176556,2.4993863,2.4146814,2.7655149
92,BSW/USDT:USDT,2025-10-09 21:15:16.550171+00:00,['binance'],5,bsw.png,9.0676,0.6699,0.7247,0.6672,0.6456,0.0374,0.0444,-0.0802,-0.1284,6.4083,0.5476,-63.0,,16.5123,0.2363,0.7656312,1.3686212,0.9193832,1.2450213
93,LOKA/USDT:USDT,2025-10-09 21:15:16.550171+00:00,['binance'],4,loka.png,0.0365,0.5624,0.6136,0.5722,0.5938,0.3159,0.0222,-0.1096,5.8359,3.6866,0.9145,-17.75,,54.8228,-0.2413,0.43405402,0.5328862,0.39383683,0.61586994
94,MEW/USDT:USDT,2025-10-09 21:15:16.550171+00:00,['binance'],1,mew.png,7.0203,0.5268,0.5212,0.5123,0.4453,0.0524,0.0,-0.0219,0.153,10.3861,0.569,-41.29,,0.5165,-0.0269,2.008029,2.5917106,2.4430716,2.8126686
95,ALGO/USDT:USDT,2025-10-09 21:15:16.550171+00:00,"['binance', 'bybit']",5,algo.png,5.5694,0.5738,0.6166,0.5957,0.5878,0.0017,0.0333,0.0056,0.8222,inf,0.6875,-36.35,,3.4535,-0.0793,2.029102,2.5392172,2.5423877,2.5176349
96,BIO/USDT:USDT,2025-10-09 21:15:16.550171+00:00,"['binance', 'bybit']",5,bio.png,12.5456,0.747,0.6814,0.8753,0.807,0.0728,0.1111,-0.0539,2.197,4.0106,1.3064,-54.59,,7.3124,0.1842,1.5132425,1.5556805,1.952166,2.354358
97,POPCAT/USDT:USDT,2025-10-09 21:15:16.550171+00:00,"['binance', 'bybit']",5,popcat.png,8.8337,0.5991,0.6134,0.6183,0.5868,0.1074,0.0889,0.0249,-0.4051,3.686,0.4279,-56.65,,0.1385,-0.13,2.1104107,2.2614443,2.6406996,2.9221861
98,BOME/USDT:USDT,2025-10-09 21:15:16.550171+00:00,"['binance', 'bybit']",4,bome.png,8.5759,0.6182,0.6409,0.6302,0.6136,0.0194,0.0444,0.0509,0.217,2.9723,0.6312,-35.87,,0.2631,-0.0077,2.0276282,2.3868713,2.1964288,2.8346705
99,ATH/USDT:USDT,2025-10-09 21:15:16.550171+00:00,"['binance', 'bybit']",4,ath.png,11.2675,0.6283,0.6501,0.6231,0.5873,0.1465,0.0667,-0.2929,2.9494,5.1224,1.3045,-27.54,,19.0418,-0.0834,1.037016,1.7213417,1.5381366,1.7938007
100,GRIFFAIN/USDT:USDT,2025-10-09 21:15:16.550171+00:00,['binance'],2,griffain.png,10.292,0.7371,0.7551,0.7686,0.7726,0.1056,0.0222,-0.0458,0.4041,6.4388,0.4148,-49.13,,2.547,-0.1005,1.644803,1.8249124,2.0509489,2.4330032
101,COMP/USDT:USDT,2025-10-09 21:15:16.550171+00:00,['binance'],3,comp.png,4.8374,0.4858,0.4929,0.4847,0.4233,0.0435,0.0444,-0.0212,0.206,3.3878,0.6199,-28.27,,1.4697,-0.0661,2.3061798,2.3452528,2.4730146,2.519503
102,TRX/USDT:USDT,2025-10-09 21:15:16.550171+00:00,"['binance', 'bybit']",6,trx.png,2.1614,0.5984,0.6281,0.666,0.742,0.0819,0.0333,-0.1393,0.0109,inf,0.7685,-14.4,,1.4418,-0.2145,1.8159268,2.2157009,2.2093787,2.6357965
103,DIA/USDT:USDT,2025-10-09 21:15:16.550171+00:00,['binance'],1,dia.png,7.4428,0.6625,0.7102,0.6411,0.6893,0.0338,0.1556,0.101,3.1052,5.1696,0.8499,-50.84,,16.5867,0.3487,1.2732891,1.1874263,1.2653873,1.7734742
104,QNT/USDT:USDT,2025-10-09 21:15:16.550171+00:00,['binance'],3,qnt.png,5.4219,0.6699,0.705,0.7257,0.7326,0.0436,0.0444,0.1571,-0.1013,2.8237,0.6223,-35.8,,1.1672,-0.1739,2.4472482,2.5672324,2.7946222,2.779061
105,AAVE/USDT:USDT,2025-10-09 21:15:16.550171+00:00,"['binance', 'bybit']",6,aave.png,5.9918,0.707,0.7488,0.7424,0.8048,0.036,0.0,0.0134,0.5646,2.9649,0.6233,-27.29,,1.5514,-0.0256,2.1617587,2.3068383,2.1058028,2.7099464
106,BNB/USDT:USDT,2025-10-09 21:15:16.550171+00:00,"['binance', 'bybit']",6,bnb.png,4.834,0.6885,0.7579,0.774,0.8589,0.3203,0.2222,0.0891,0.2852,3.3445,1.2627,-12.76,,0.9273,-0.0591,2.208026,2.187898,2.6099565,2.7396216
107,VINE/USDT:USDT,2025-10-09 21:15:16.550171+00:00,"['binance', 'bybit']",3,vine.png,12.4128,0.7045,0.6639,0.7594,0.7558,0.057,0.0444,0.1398,4.4007,6.1074,1.2146,-62.26,,30.4595,0.0056,0.90552485,1.0542871,1.5026592,1.6579258
108,1000BONK/USDT:USDT,2025-10-09 21:15:16.550171+00:00,"['binance', 'bybit']",6,1000bonk.png,8.6898,0.649,0.7024,0.6718,0.6909,0.0583,0.0667,-0.0307,1.1124,3.1942,0.5206,-51.23,,4.8591,-0.0275,2.1375906,2.5674868,2.6832118,2.4279807
109,GALA/USDT:USDT,2025-10-09 21:15:16.550171+00:00,"['binance', 'bybit']",5,gala.png,6.9583,0.522,0.5304,0.49,0.439,0.0246,0.0667,0.0126,-0.1634,3.0089,0.6347,-30.31,,1.109,-0.102,2.322988,2.3074598,2.0991883,2.6211843
110,ETH/USDT:USDT,2025-10-09 21:15:16.550171+00:00,"['binance', 'bybit']",6,eth.png,4.4033,0.7728,0.8212,0.8421,0.9028,0.149,0.1111,0.021,0.5964,14.7431,1.0235,-19.82,,1.9665,-0.0522,2.0030792,2.580419,2.2301056,2.5619986
111,ZEREBRO/USDT:USDT,2025-10-09 21:15:16.550171+00:00,"['binance', 'bybit']",3,zerebro.png,10.6398,0.7148,0.7596,0.7157,0.7112,0.1767,0.0111,0.079,-0.4921,inf,0.3829,-49.04,,0.4429,-0.2276,2.048578,2.449062,2.507045,2.8781533
112,MAGIC/USDT:USDT,2025-10-09 21:15:16.550171+00:00,['binance'],3,magic.png,6.9062,0.6564,0.7038,0.657,0.6822,0.0178,0.1333,-0.0508,3.0229,3.4555,0.6369,-42.62,,17.7902,-0.0285,1.5615703,2.0349784,1.96242,1.833283
113,DEXE/USDT:USDT,2025-10-09 21:15:16.550171+00:00,['binance'],3,dexe.png,9.9016,0.5889,0.611,0.6486,0.6847,0.1471,0.0,0.2044,1.1606,5.1699,1.0185,-19.62,,3.4316,0.2114,1.2566534,1.3298459,1.8089275,2.4118066
114,BAN/USDT:USDT,2025-10-09 21:15:16.550171+00:00,['binance'],2,ban.png,10.1182,0.6969,0.678,0.7224,0.7302,0.002,0.0889,0.19,0.5629,5.0978,0.6987,-45.33,,4.3169,-0.3013,1.6915854,2.0599868,2.332653,2.0716236
115,MORPHO/USDT:USDT,2025-10-09 21:15:16.550171+00:00,"['binance', 'bybit']",3,morpho.png,8.7568,0.6762,0.6997,0.6971,0.7362,0.0027,0.0889,0.0921,0.6633,11.0621,0.7,-39.31,,0.5601,0.0165,2.2285976,2.5511215,2.6150577,2.89143
116,TAO/USDT:USDT,2025-10-09 21:15:16.550171+00:00,"['binance', 'bybit']",5,tao.png,5.5611,0.5943,0.6111,0.5903,0.5542,0.0487,0.0889,0.0321,0.2412,4.034,0.6077,-34.13,,0.5074,-0.0969,2.4458873,2.4139662,2.637461,2.7889702
117,NEAR/USDT:USDT,2025-10-09 21:15:16.550171+00:00,"['binance', 'bybit']",6,near.png,6.6131,0.5132,0.5216,0.4878,0.4317,0.0456,0.1111,0.0855,-0.038,3.3812,0.7948,-22.8,,0.3163,-0.0188,2.5139394,2.604484,2.6276844,2.8699887
118,NEIRO/USDT:USDT,2025-10-09 21:15:16.550171+00:00,['binance'],5,neiro.png,9.3625,0.6913,0.7239,0.7369,0.7415,0.1392,0.0444,-0.0147,-0.3288,6.9622,0.3865,-53.31,,0.0174,-0.1695,2.4811096,2.5933747,2.3305352,2.8750496
119,IO/USDT:USDT,2025-10-09 21:15:16.550171+00:00,"['binance', 'bybit']",4,io.png,8.4266,0.566,0.5718,0.5698,0.5786,0.135,0.0667,0.0639,0.188,6.0902,0.4527,-40.77,,0.8149,-0.0685,2.299027,2.4671702,2.531521,2.7680376
120,BABY/USDT:USDT,2025-10-09 21:15:16.550171+00:00,['binance'],3,baby.png,9.6135,0.6904,0.6909,0.6941,0.7021,0.0179,0.0667,0.1261,0.3862,3.9593,0.635,-35.11,,0.6496,-0.3317,1.7215105,2.2156024,2.4012995,2.793008
121,GMX/USDT:USDT,2025-10-09 21:15:16.550171+00:00,['binance'],2,gmx.png,8.0449,0.4931,0.4941,0.4857,0.4481,0.0216,0.0889,-0.0717,3.0057,9.3661,0.7456,-29.97,,19.3002,-0.1861,1.529572,1.4791777,1.6948317,1.8589844
122,CHZ/USDT:USDT,2025-10-09 21:15:16.550171+00:00,['binance'],3,chz.png,5.4068,0.5019,0.5036,0.4772,0.4479,0.0114,0.0444,0.0459,-0.3064,3.9523,0.712,-20.0,,0.4849,-0.0795,2.3977773,2.659346,2.5395133,2.744119
123,COW/USDT:USDT,2025-10-09 21:15:16.550171+00:00,['binance'],1,cow.png,8.8536,0.4842,0.5074,0.4599,0.3874,0.0656,0.0667,-0.0145,0.1387,7.4309,0.5304,-43.17,,2.5567,-0.1149,1.2746682,1.5123914,1.8126504,2.410844
124,BCH/USDT:USDT,2025-10-09 21:15:16.550171+00:00,"['binance', 'bybit']",6,bch.png,3.7129,0.6265,0.6611,0.6828,0.7487,0.0579,0.0222,0.1367,0.5185,5.1501,0.7859,-14.3,,0.2807,-0.1354,2.1417491,2.758202,2.708268,2.9152637
125,XRP/USDT:USDT,2025-10-09 21:15:16.550171+00:00,"['binance', 'bybit']",6,xrp.png,4.3277,0.5924,0.6564,0.6009,0.6461,0.0073,0.0444,-0.0866,0.7072,10.0862,0.7038,-22.83,,3.3908,-0.0753,2.1823523,2.4414985,2.3214324,2.4484637
126,LEVER/USDT:USDT,2025-10-09 21:15:16.550171+00:00,['binance'],5,lever.png,2.7324,0.7924,0.8294,0.9199,1.0158,0.165,0.1222,0.1355,3.1047,inf,0.3812,-50.2,,26.1557,-0.0394,0.38227326,1.1418438,0.97722006,1.5028994
127,JTO/USDT:USDT,2025-10-09 21:15:16.550171+00:00,"['binance', 'bybit']",4,jto.png,6.9014,0.4018,0.39,0.3761,0.3134,0.0634,0.0444,0.1655,0.1105,7.8702,0.5683,-31.13,,0.0494,0.0112,2.0217118,1.985062,2.3142712,2.9498048
128,SAND/USDT:USDT,2025-10-09 21:15:16.550171+00:00,"['binance', 'bybit']",4,sand.png,5.7002,0.4906,0.4885,0.4603,0.4051,0.0294,0.0222,0.0099,-0.2098,3.4347,0.6342,-25.68,,0.226,-0.0811,2.1244762,2.3417733,2.3751457,2.8306792
129,MANA/USDT:USDT,2025-10-09 21:15:16.550171+00:00,"['binance', 'bybit']",4,mana.png,6.3755,0.5292,,0.4805,0.414,0.0126,0.0222,-0.0111,-0.0118,6.459,0.7172,-25.07,,0.4724,-0.0823,2.4975517,,2.498802,2.8813376
130,1000PEPE/USDT:USDT,2025-10-09 21:15:16.550171+00:00,"['binance', 'bybit']",6,1000pepe.png,6.6331,0.5873,0.5921,0.5845,0.5578,0.0917,0.0,0.0825,-0.1054,4.3033,0.5184,-36.02,,-0.0086,0.0109,2.2503793,2.514304,2.4335685,2.9197252
131,CHILLGUY/USDT:USDT,2025-10-09 21:15:16.550171+00:00,['binance'],3,chillguy.png,10.1222,0.7867,0.845,0.8494,0.842,0.0999,0.0444,0.0831,-0.0874,3.4,0.4233,-57.75,,-0.4857,-0.174,2.324834,2.6618037,2.783102,2.983461
132,PENGU/USDT:USDT,2025-10-09 21:15:16.550171+00:00,"['binance', 'bybit']",6,pengu.png,9.5533,0.9341,1.0131,1.0021,1.1077,0.0453,0.0444,0.0317,1.0162,3.5584,0.897,-37.94,,2.6396,-0.0283,1.8040562,1.9719348,2.3172731,2.6018088
133,DYM/USDT:USDT,2025-10-09 21:15:16.550171+00:00,['binance'],2,dym.png,8.6935,0.6608,0.669,0.6676,0.6907,0.1211,0.0444,0.0476,-0.2988,5.5957,0.427,-49.61,,0.3366,-0.0903,2.3535147,2.1904833,2.4271379,2.8859544
134,YGG/USDT:USDT,2025-10-09 21:15:16.550171+00:00,['binance'],3,ygg.png,9.1195,0.506,0.5097,0.4794,0.4376,0.0053,0.0222,-0.0812,0.5277,3.9378,0.6779,-41.07,,1.9431,0.1256,1.3739865,1.7273593,2.1433551,2.5214972
135,SUI/USDT:USDT,2025-10-09 21:15:16.550171+00:00,"['binance', 'bybit']",6,sui.png,5.5823,0.5893,0.6078,0.5895,0.5989,0.0014,0.0889,0.0521,-0.0069,4.6645,0.6886,-28.18,,0.0889,-0.0386,2.1592324,2.2047675,2.4683924,2.9421134
136,PIXEL/USDT:USDT,2025-10-09 21:15:16.550171+00:00,['binance'],2,pixel.png,8.1668,0.5816,0.5936,0.612,0.5831,0.098,0.0889,0.078,-0.2708,3.9074,0.4804,-42.81,,-0.0429,-0.0832,1.9678775,2.3167088,2.4326677,2.961086
137,BAKE/USDT:USDT,2025-10-09 21:15:16.550171+00:00,['binance'],4,bake.png,35.8949,0.6409,0.6014,0.513,0.6005,0.1368,0.1667,0.1012,7.7004,inf,0.1905,-81.04,,69.7801,-0.0281,0.7490176,0.45974568,0.23353463,0.8965555
138,AVAX/USDT:USDT,2025-10-09 21:15:16.550171+00:00,"['binance', 'bybit']",6,avax.png,7.1483,0.5901,0.5826,0.5923,0.6028,0.0928,0.1556,0.1196,0.0645,3.7245,0.9362,-20.69,,0.8479,-0.0129,2.3755834,2.723019,2.6666193,2.7464473
139,ATOM/USDT:USDT,2025-10-09 21:15:16.550171+00:00,"['binance', 'bybit']",5,atom.png,4.8548,0.463,0.4663,0.4505,0.4044,0.0542,0.0444,0.0275,-0.268,6.5285,0.6094,-22.68,,0.3083,-0.0537,2.2451036,2.8510764,2.4384663,2.8606205
140,FLM/USDT:USDT,2025-10-09 21:15:16.550171+00:00,['binance'],2,flm.png,8.5702,0.6722,0.6758,0.658,0.6745,0.0445,0.1222,0.0592,-0.3461,inf,0.5856,-34.15,,-0.2343,-0.1215,1.9557614,2.1740746,2.4816718,2.988763
141,CFX/USDT:USDT,2025-10-09 21:15:16.550171+00:00,"['binance', 'bybit']",4,cfx.png,7.4794,0.7002,0.7805,0.7585,0.6631,0.0585,0.0444,0.1484,6.6934,14.1767,0.9984,-39.9,,57.4066,-0.0251,1.1589253,1.5491793,1.4342457,0.95594424
142,YFI/USDT:USDT,2025-10-09 21:15:16.550171+00:00,['binance'],2,yfi.png,4.3543,0.462,0.4722,0.4412,0.4093,0.0289,0.0889,-0.0154,0.2245,4.1873,0.6502,-19.16,,1.7216,-0.1668,2.3493574,2.506977,2.1752944,2.552564
143,APT/USDT:USDT,2025-10-09 21:15:16.550171+00:00,"['binance', 'bybit']",6,apt.png,5.7303,0.4657,0.468,0.437,0.4276,0.0173,0.0889,0.0067,-0.2493,13.5689,0.7212,-28.24,,1.1707,0.1,2.24293,2.5679963,2.4009554,2.690309
144,ENA/USDT:USDT,2025-10-09 21:15:16.550171+00:00,"['binance', 'bybit']",6,ena.png,8.8685,0.6474,0.6812,0.7048,0.6538,0.082,0.0222,-0.0634,1.0073,3.818,1.1712,-32.75,,2.1972,-0.0388,2.1760335,2.6987636,2.3177657,2.6759326
145,IP/USDT:USDT,2025-10-09 21:15:16.550171+00:00,"['binance', 'bybit']",5,ip.png,12.5895,0.7572,0.7664,0.88,0.8706,0.1331,0.1111,0.0743,0.392,79.4458,1.409,-39.64,,5.3928,-0.1518,1.2951578,1.6425252,2.0380476,2.1295764
146,PAXG/USDT:USDT,2025-10-09 21:15:16.550171+00:00,"['binance', 'bybit']",6,paxg.png,1.3317,0.5739,0.5981,0.6087,0.5925,0.3834,0.1556,-0.0878,0.5348,12.2965,0.8235,-3.83,,0.1881,0.0148,2.1067176,2.4728296,2.5603545,2.998318
147,XVS/USDT:USDT,2025-10-09 21:15:16.550171+00:00,['binance'],3,xvs.png,7.7665,0.4866,0.5031,0.4567,0.4103,0.0312,0.0,0.033,0.1327,3.1402,0.7529,-20.52,,0.5047,-0.1048,2.5087142,2.411908,2.5890872,2.842194
148,BLUR/USDT:USDT,2025-10-09 21:15:16.550171+00:00,['binance'],2,blur.png,6.691,0.5975,0.6002,0.5889,0.5647,0.0533,0.0,0.0812,0.082,2.7246,0.5754,-36.39,,0.3212,-0.0534,2.135434,2.135109,2.401723,2.860702
149,PARTI/USDT:USDT,2025-10-09 21:15:16.550171+00:00,"['binance', 'bybit']",4,parti.png,11.1673,0.6318,,0.6642,0.7008,0.0634,0.1333,0.1465,0.8905,2.7661,0.5155,-49.05,,2.2097,-0.1663,2.0681849,,2.2627776,2.6289566
150,AVAAI/USDT:USDT,2025-10-09 21:15:16.550171+00:00,['binance'],2,avaai.png,11.3473,0.7387,0.7746,0.7161,0.7675,0.0815,0.0444,-0.0217,3.2855,3.5459,0.3823,-66.64,,20.6193,-0.0394,1.2663364,1.4574977,1.5097262,1.7159462
151,XTZ/USDT:USDT,2025-10-09 21:15:16.550171+00:00,"['binance', 'bybit']",3,xtz.png,5.7459,0.59,0.6849,0.6154,0.6101,0.0215,0.0333,-0.0452,5.0385,inf,0.7462,-38.6,,39.1063,0.103,1.3558372,1.7468145,1.4409178,1.5922348
152,CHESS/USDT:USDT,2025-10-09 21:15:16.550171+00:00,['binance'],1,chess.png,8.1229,0.4793,0.4792,0.4587,0.4165,0.0469,0.0222,-0.0046,-0.3095,4.7787,0.5879,-33.44,,1.39,-0.2495,1.8752066,2.3374023,2.5875921,2.6231384
153,KAIA/USDT:USDT,2025-10-09 21:15:16.550171+00:00,"['binance', 'bybit']",2,kaia.png,4.7864,0.609,0.6025,0.6245,0.6313,0.0546,0.0444,0.0214,-0.1605,5.6016,0.6141,-23.35,,0.3472,-0.0529,2.1075013,2.4962027,2.5174954,2.848332
154,TST/USDT:USDT,2025-10-09 21:15:16.550171+00:00,['binance'],4,tst.png,17.3085,0.6519,0.6523,0.6985,0.7597,0.0575,0.2222,0.0716,1.0648,4.2702,0.5314,-49.53,,10.2063,0.0824,0.5949939,0.9458667,1.4789016,1.7401146
155,BANANA/USDT:USDT,2025-10-09 21:15:16.550171+00:00,['binance'],2,banana.png,8.4107,0.5449,0.5715,0.5275,0.4479,0.0114,0.1333,0.0113,0.6979,7.7688,0.6559,-48.51,,0.6877,0.0284,1.8413243,2.0952468,2.627414,2.8469892
156,API3/USDT:USDT,2025-10-09 21:15:16.550171+00:00,"['binance', 'bybit']",5,api3.png,9.0625,0.5676,0.5698,0.593,0.61,0.0315,0.0444,0.1472,4.3815,11.6124,0.8011,-52.19,,32.3513,0.216,0.48320144,0.9131141,1.0338354,1.6368566
157,1000LUNC/USDT:USDT,2025-10-09 21:15:16.550171+00:00,['binance'],2,1000lunc.png,4.5882,0.453,0.4556,0.4336,0.3877,0.0749,0.0,-0.0073,-0.486,3.3466,0.5936,-24.83,,0.742,-0.115,2.4153447,2.751938,2.4130375,2.8148077
158,TURBO/USDT:USDT,2025-10-09 21:15:16.550171+00:00,['binance'],4,turbo.png,7.7379,0.6912,0.7242,0.7292,0.7191,0.0365,0.0222,-0.0251,2.2294,14.588,0.59,-46.61,,13.2131,0.0215,2.1287959,1.9626983,1.8718809,1.9974484
159,TUT/USDT:USDT,2025-10-09 21:15:16.550171+00:00,"['binance', 'bybit']",4,tut.png,15.4565,0.8042,0.8391,0.8394,0.9608,0.0903,0.1,0.0839,3.9047,inf,0.9932,-34.62,,32.6522,-0.3118,1.0854815,0.786775,0.9832318,1.2317939
160,IOST/USDT:USDT,2025-10-09 21:15:16.550171+00:00,['binance'],1,iost.png,4.4864,0.4853,0.4854,0.481,0.4284,0.0888,0.0,0.0993,0.8751,2.5318,0.5556,-34.37,,4.9615,-0.0357,1.9400219,1.9950783,2.4845583,2.3531568
161,SNX/USDT:USDT,2025-10-09 21:15:16.550171+00:00,"['binance', 'bybit']",5,snx.png,10.9462,0.5855,0.6054,0.5726,0.6016,0.1653,0.0111,-0.0041,2.3482,inf,1.259,-26.29,,9.6331,-0.2343,1.7081118,1.834131,2.0907853,2.1228619
162,FET/USDT:USDT,2025-10-09 21:15:16.550171+00:00,['binance'],6,fet.png,7.3082,0.5582,0.5704,0.5715,0.5527,0.1083,0.1111,0.0378,-0.1872,1.8518,0.4942,-41.62,,0.1218,-0.0657,2.350958,2.3584793,2.7307224,2.8938196
163,RED/USDT:USDT,2025-10-09 21:15:16.550171+00:00,"['binance', 'bybit']",3,red.png,9.3482,0.6037,0.5858,0.6135,0.613,0.0779,0.0,-0.0452,4.4053,6.4223,0.9782,-41.1,,31.6896,-0.1434,0.75501186,0.7660822,1.1896021,1.6498145
164,BTC/USDT:USDT,2025-10-09 21:15:16.550171+00:00,"['binance', 'bybit']",6,btc.png,2.4708,0.6555,0.6864,0.677,0.7101,0.03,0.0,-0.0186,-0.2383,5.0331,0.7131,-12.26,,0.6347,-0.1168,2.0698876,2.5935776,2.6327307,2.8768373
165,HIFI/USDT:USDT,2025-10-09 21:15:16.550171+00:00,['binance'],5,hifi.png,42.6211,0.7887,0.7662,0.7489,0.5752,0.0071,0.0667,0.0359,8.3096,inf,0.7686,-82.53,,76.8088,0.064,1.1120437,0.65076345,0.739248,0.7433632
166,ZEC/USDT:USDT,2025-10-09 21:15:16.550171+00:00,"['binance', 'bybit']",6,zec.png,11.4124,0.6764,0.8043,0.7945,0.9415,0.4892,0.1556,-0.0767,3.421,4.5751,3.4911,-23.91,,18.0992,0.0937,1.3391927,1.7128394,2.102995,1.7489312
167,FORM/USDT:USDT,2025-10-09 21:15:16.550171+00:00,"['binance', 'bybit']",6,form.png,22.4382,0.7546,0.7597,0.7507,0.8392,0.2175,0.0889,0.0518,0.9988,6.1436,0.2455,-77.04,,6.5823,-0.0732,1.6442828,1.7511605,2.0633006,2.1333206
168,FUN/USDT:USDT,2025-10-09 21:15:16.550171+00:00,['binance'],1,fun.png,5.8345,0.8986,0.9201,0.9147,1.0168,0.2126,0.0778,0.0173,1.1684,inf,0.3717,-62.36,,10.76,0.0273,1.0666518,1.327413,2.1113114,2.0227897
169,AR/USDT:USDT,2025-10-09 21:15:16.550171+00:00,"['binance', 'bybit']",3,ar.png,7.3153,0.5197,0.5261,0.4846,0.4114,0.0192,0.0444,0.0374,0.2982,11.604,0.6382,-37.2,,0.6092,-0.108,2.4088535,2.590119,2.549703,2.7953076
170,ALPHA/USDT:USDT,2025-10-09 21:15:16.550171+00:00,['binance'],6,alpha.png,7.3528,0.7062,0.7459,0.7731,0.8506,0.0665,0.0444,0.205,2.0336,3.3896,0.8481,-20.39,,8.3533,-0.2199,0.9306125,1.1228142,1.0313964,2.2449753
171,BSV/USDT:USDT,2025-10-09 21:15:16.550171+00:00,"['binance', 'bybit']",2,bsv.png,6.6518,0.5832,0.5809,0.5904,0.5614,0.0246,0.1111,-0.022,0.3452,5.0285,0.6529,-27.08,,3.0734,-0.0952,1.7404376,2.0670176,2.3357162,2.371119
172,NEIROETH/USDT:USDT,2025-10-09 21:15:16.550171+00:00,['binance'],5,neiroeth.png,44.0245,0.9915,1.0653,1.033,1.1504,0.267,0.2111,0.094,0.0649,4.9388,0.0428,-94.79,,8.4067,0.0519,1.4330403,1.4403013,1.6414789,1.7728984
173,ETHFI/USDT:USDT,2025-10-09 21:15:16.550171+00:00,"['binance', 'bybit']",5,ethfi.png,9.0985,0.7149,0.7384,0.7575,0.8078,0.0901,0.0667,0.0268,0.4359,3.9231,0.9984,-31.18,,1.4468,-0.0177,2.1461482,2.6734145,2.424792,2.7388067
174,LAYER/USDT:USDT,2025-10-09 21:15:16.550171+00:00,['binance'],1,layer.png,6.48,0.9474,0.9881,1.0468,1.1492,0.1742,0.0444,0.0415,-0.517,2.1646,0.4122,-52.11,,0.417,-0.0224,2.267992,2.543043,2.4929636,2.9707985
175,XLM/USDT:USDT,2025-10-09 21:15:16.550171+00:00,"['binance', 'bybit']",6,xlm.png,5.0858,0.6452,0.6768,0.6487,0.688,0.0147,0.0222,0.0089,1.2374,3.9602,0.6632,-29.59,,4.5107,-0.1517,2.0950766,2.2728796,2.439057,2.306751
176,AERO/USDT:USDT,2025-10-09 21:15:16.550171+00:00,"['binance', 'bybit']",4,aero.png,8.2273,0.695,0.7009,0.7454,0.8059,0.0592,0.0889,0.0867,1.0429,4.008,0.9456,-34.55,,1.3305,0.0442,2.1000059,2.261246,2.378027,2.7590106
177,TON/USDT:USDT,2025-10-09 21:15:16.550171+00:00,"['binance', 'bybit']",5,ton.png,3.9898,0.4333,0.4288,0.4367,0.3753,0.054,0.1778,-0.0508,-0.8613,21.2573,0.6258,-25.34,,1.0984,-0.0336,1.9477895,2.1238477,2.4432976,2.7274356
178,KDA/USDT:USDT,2025-10-09 21:15:16.550171+00:00,['binance'],1,kda.png,6.3754,0.5945,0.6052,0.5931,0.5699,0.0703,0.0111,-0.0302,-0.0119,inf,0.5449,-41.19,,0.1332,-0.0599,2.382535,2.2559538,2.5768826,2.8602076
179,AXL/USDT:USDT,2025-10-09 21:15:16.550171+00:00,['binance'],2,axl.png,7.5526,0.4534,0.4656,0.4626,0.3819,0.0555,0.0444,0.0485,0.2062,2.9966,0.577,-36.15,,0.4515,-0.2094,1.8546181,2.1352718,2.553624,2.8385415
180,MOVE/USDT:USDT,2025-10-09 21:15:16.550171+00:00,['binance'],3,move.png,6.9157,0.6926,0.709,0.6925,0.6828,0.107,0.0667,-0.011,-0.5915,4.0588,0.5024,-46.04,,1.3759,0.0483,2.0935798,2.1406808,2.4071293,2.7665503
181,PLUME/USDT:USDT,2025-10-09 21:15:16.550171+00:00,"['binance', 'bybit']",4,plume.png,10.7061,0.6433,0.6582,0.6344,0.6289,0.0085,0.0222,0.0363,1.0459,3.7892,0.669,-37.16,,2.8611,-0.1788,1.6346103,1.899565,2.3423674,2.6143339
182,BTCDOM/USDT:USDT,2025-10-09 21:15:16.550171+00:00,['binance'],3,btcdom.png,2.7238,0.5643,0.586,0.6071,0.6521,0.1765,0.0333,-0.0259,-0.3362,inf,0.5493,-27.96,,0.4491,0.0188,2.4479575,2.7509942,2.4445508,2.8281522
183,10000SATS/USDT:USDT,2025-10-09 21:15:16.550171+00:00,['bybit'],1,10000sats.png,13.5653,0.5159,,0.4726,0.37,0.0435,0.0,0.0145,0.4922,2.951,0.5769,-34.8,,2.7047,0.0044,0.51437765,,2.079056,2.4444098
184,1000NEIROCTO/USDT:USDT,2025-10-09 21:15:16.550171+00:00,['bybit'],2,1000neirocto.png,9.346,0.6218,,0.7367,0.7415,0.1386,0.0333,-0.016,-0.3213,inf,0.3874,-53.32,,0.022,-0.1704,2.4529147,,2.3348067,2.885196
185,1000TOSHI/USDT:USDT,2025-10-09 21:15:16.550171+00:00,['bybit'],4,1000toshi.png,9.2797,0.6182,,0.6463,0.6292,0.148,0.0444,0.1447,3.1706,3.6185,1.2629,-29.07,,17.5214,-0.1315,1.556029,,1.3563048,1.9089154
186,AVL/USDT:USDT,2025-10-09 21:15:16.550171+00:00,['bybit'],1,avl.png,17.2245,0.6336,,0.6442,0.6145,0.0947,0.1222,0.1471,2.1228,inf,1.1408,-29.15,,11.6523,-0.03,1.8587489,,2.280088,2.0906436
187,BEAM/USDT:USDT,2025-10-09 21:15:16.550171+00:00,['bybit'],2,beam.png,8.0493,0.6037,,0.5855,0.555,0.0702,0.1333,0.0571,-0.2278,6.5344,0.8829,-28.28,,0.1233,-0.0518,2.3046603,,2.8104713,2.8711655
188,CRO/USDT:USDT,2025-10-09 21:15:16.550171+00:00,['bybit'],2,cro.png,7.7105,0.7469,,0.8761,0.8357,0.1264,0.0,0.0941,2.2117,3.433,1.3105,-43.35,,8.478,0.2922,1.2472733,,1.6021181,2.1851134
189,HNT/USDT:USDT,2025-10-09 21:15:16.550171+00:00,['bybit'],2,hnt.png,7.0816,0.6008,,0.5877,0.6068,0.0585,0.0111,-0.0772,0.2243,inf,0.5839,-43.75,,0.1456,0.0183,2.2168643,,2.3136427,2.9473069
190,MNT/USDT:USDT,2025-10-09 21:15:16.550171+00:00,['bybit'],6,mnt.png,9.83,0.737,,0.8875,0.9333,0.2724,0.1111,-0.1959,0.6351,3.5413,2.4885,-18.59,,0.4766,-0.1327,1.8153536,,2.631516,2.9397345
191,PEAQ/USDT:USDT,2025-10-09 21:15:16.550171+00:00,['bybit'],1,peaq.png,13.7493,0.712,,0.7185,0.7228,0.0972,0.1556,0.1587,0.0815,2.4145,1.0719,-31.37,,1.2924,-0.0768,2.1495996,,2.4833,2.73645
192,REX/USDT:USDT,2025-10-09 21:15:16.550171+00:00,['bybit'],1,rex.png,273.5289,0.9862,,1.0083,1.0088,0.0529,0.0222,0.1419,-1.5092,7.66,0.1004,-96.63,,6.6829,0.2975,1.2110342,,1.8381509,2.2560139
193,SERAPH/USDT:USDT,2025-10-09 21:15:16.550171+00:00,['bybit'],1,seraph.png,287.8078,0.6603,,0.6718,0.701,0.0684,0.1111,-0.0757,-1.1289,11.4957,0.3279,-81.37,,20.2623,0.1095,0.40374866,,0.837531,1.2354858
194,SUNDOG/USDT:USDT,2025-10-09 21:15:16.550171+00:00,['bybit'],2,sundog.png,10.59,0.6088,,0.6826,0.6797,0.1978,0.0333,0.0671,0.1878,inf,0.3655,-54.49,,1.7757,-0.2838,1.5325391,,2.0820413,2.5922651
195,TSTBSC/USDT:USDT,2025-10-09 21:15:16.550171+00:00,['bybit'],2,tstbsc.png,17.1764,0.6257,,0.6986,0.7605,0.0569,0.1778,0.0758,0.987,6.3169,0.5331,-49.74,,10.1303,0.0817,0.5990774,,1.4383941,1.7185723
196,XAUT/USDT:USDT,2025-10-09 21:15:16.550171+00:00,['bybit'],5,xaut.png,1.2993,0.6025,,0.6085,0.5883,0.4012,0.1778,-0.0395,0.5484,7.2068,0.82,-3.69,,0.319,0.0309,2.1209993,,2.540102,2.8898666
197,ZBCN/USDT:USDT,2025-10-09 21:15:16.550171+00:00,['bybit'],2,zbcn.png,8.3905,0.8452,,0.9797,1.0813,0.0847,0.0667,0.2167,1.0996,3.5016,1.0471,-38.78,,2.3399,-0.0902,2.4548635,,2.522576,2.5928059
